{"stat.flyOneCm":13196,"stat.walkOneCm":6324,"stat.jump":53,"stat.playOneMinute":3647,"stat.fallOneCm":2301,"stat.killEntity.Sheep":1,"stat.leaveGame":1,"stat.sneakTime":14,"stat.pickup.minecraft.wool":4,"stat.damageDealt":82,"stat.crouchOneCm":119,"stat.pickup.natura.overworld_seeds":1,"stat.timeSinceDeath":3647,"stat.sprintOneCm":5342,"stat.mobKills":1,"stat.mineBlock.minecraft.tallgrass":3,"stat.pickup.minecraft.mutton":6,"stat.pickup.mysticalagriculture.crafting":1,"stat.talkedToVillager":2}