{"stat.walkOneCm":5617,"stat.leaveGame":1,"stat.mineBlock.thermalfoundation.ore":24,"stat.pickup.mekanism.oreblock":2,"stat.furnaceInteraction":2,"stat.useItem.sparkshammers.hammer_diamond":127,"stat.useItem.botania.terrapick":15,"stat.mineBlock.mysticalagriculture.inferium_ore":5,"stat.mineBlock.minecraft.coal_ore":18,"stat.mineBlock.appliedenergistics2.quartz_ore":4,"stat.jump":34,"stat.pickup.minecraft.coal":18,"stat.climbOneCm":1390,"stat.fallOneCm":467,"stat.pickup.minecraft.beef":2,"stat.pickup.minecraft.stone":42,"stat.crouchOneCm":343,"stat.pickup.minecraft.dirt":13,"stat.sprintOneCm":3412,"stat.useItem.minecraft.stone_slab2":2,"stat.mineBlock.mekanism.oreblock":3,"stat.pickup.ic2.resource":13,"stat.pickup.mca.rose_gold_ore":5,"stat.mineBlock.mca.rose_gold_ore":8,"stat.pickup.thermalfoundation.ore":22,"stat.pickup.minecraft.gold_ore":9,"stat.mineBlock.ic2.resource":40,"stat.pickup.minecraft.cobblestone":583,"stat.useItem.cwsr.cyan_sword":5,"stat.mobKills":4,"stat.useItem.sparkshammers.hammer_terrasteel":19,"stat.pickup.mysticalagriculture.crafting":4,"stat.useItem.warpbook.bookcloner":1,"stat.flyOneCm":58581,"stat.pickup.appliedenergistics2.material":7,"stat.playOneMinute":7720,"stat.killEntity.Sheep":1,"stat.mineBlock.mysticalagriculture.prosperity_ore":10,"stat.sneakTime":118,"stat.pickup.minecraft.wool":1,"stat.damageDealt":681,"stat.mineBlock.minecraft.iron_ore":8,"stat.timeSinceDeath":7720,"stat.killEntity.Cow":2,"stat.killEntity.grimoireofgaia.cyclops":1,"stat.mineBlock.minecraft.dirt":8,"stat.mineBlock.minecraft.stone":1177,"stat.mineBlock.minecraft.gold_ore":4,"stat.pickup.minecraft.mutton":1}