{"stat.chestOpened":1,"stat.walkOneCm":8281,"stat.leaveGame":2,"stat.mobKills":1,"stat.pickup.mysticalagriculture.crafting":1,"stat.talkedToVillager":4,"stat.flyOneCm":14689,"stat.jump":59,"stat.playOneMinute":6438,"stat.fallOneCm":2512,"stat.killEntity.Sheep":1,"stat.sneakTime":14,"stat.pickup.minecraft.wool":4,"stat.damageDealt":82,"stat.crouchOneCm":119,"stat.pickup.natura.overworld_seeds":1,"stat.timeSinceDeath":6438,"stat.sprintOneCm":7727,"stat.mineBlock.minecraft.tallgrass":3,"stat.pickup.minecraft.mutton":6}