{"stat.walkOneCm":5775,"stat.leaveGame":4,"stat.damageTaken":425,"stat.flyOneCm":3464,"stat.deaths":1,"stat.pickup.minecraft.wheat_seeds":4,"stat.jump":29,"stat.playOneMinute":18465,"stat.entityKilledBy.Zombie":1,"stat.sneakTime":54,"stat.damageDealt":118,"stat.crouchOneCm":403,"stat.timeSinceDeath":973,"stat.pickup.minecraft.dirt":6,"stat.useItem.minecraft.dirt":1,"stat.mineBlock.minecraft.dirt":6,"stat.sprintOneCm":741,"stat.useItem.minecraft.stone_slab2":3,"stat.mineBlock.minecraft.tallgrass":7}