{"stat.walkOneCm":5483,"stat.leaveGame":3,"stat.damageTaken":325,"stat.flyOneCm":3304,"stat.deaths":1,"stat.pickup.minecraft.wheat_seeds":4,"stat.jump":29,"stat.playOneMinute":18138,"stat.entityKilledBy.Zombie":1,"stat.sneakTime":54,"stat.damageDealt":118,"stat.crouchOneCm":403,"stat.timeSinceDeath":646,"stat.pickup.minecraft.dirt":6,"stat.useItem.minecraft.dirt":1,"stat.mineBlock.minecraft.dirt":6,"stat.sprintOneCm":741,"stat.useItem.minecraft.stone_slab2":3,"stat.mineBlock.minecraft.tallgrass":7}